{"cameraMode":{"drawMode":0,"name":"Shaded","section":"Shading Mode"},"sceneLighting":false,"audioPlay":false,"sceneViewState":{"showFog":true,"showMaterialUpdate":false,"showSkybox":false,"showFlares":true,"showImageEffects":true,"showParticleSystems":true},"in2DMode":false,"pivot":{"x":-12.995609283447266,"y":1.303999900817871,"z":-15.50100040435791},"rotation":{"x":-0.46708762645721438,"y":0.005567067768424749,"z":-0.0029423453379422428,"w":-0.8841983675956726},"size":2.0445380210876467,"orthographic":false}