{"cameraMode":{"drawMode":0,"name":"Shaded","section":"Shading Mode"},"sceneLighting":false,"audioPlay":false,"sceneViewState":{"showFog":true,"showMaterialUpdate":false,"showSkybox":false,"showFlares":true,"showImageEffects":true,"showParticleSystems":true},"in2DMode":false,"pivot":{"x":-4.53000020980835,"y":0.8199999332427979,"z":0.2200000137090683},"rotation":{"x":-0.4739641845226288,"y":-0.2872682511806488,"z":0.16696742177009583,"w":-0.8154577016830444},"size":0.8660253882408142,"orthographic":false}